{"cameraMode":{"drawMode":0,"name":"Shaded","section":"Shading Mode"},"sceneLighting":false,"audioPlay":false,"sceneViewState":{"m_AlwaysRefresh":false,"showFog":true,"showSkybox":false,"showFlares":true,"showImageEffects":true,"showParticleSystems":true,"showVisualEffectGraphs":true,"m_FxEnabled":true},"in2DMode":false,"pivot":{"x":109.58999633789063,"y":6.070000171661377,"z":142.35000610351563},"rotation":{"x":-0.27374380826950076,"y":-0.28258633613586428,"z":0.08450011909008026,"w":-0.9154635071754456},"size":0.8660253882408142,"orthographic":false}